<manifest version="1.0" type="device">
    <hal format="hidl">
        <name>android.hardware.audio.effect</name>
        <transport>hwbinder</transport>
        <impl level="generic"></impl>
        <version>2.0</version>
        <interface>
            <name>IEffectsFactory</name>
            <instance>default</instance>
        </interface>
    </hal>
    <hal format="hidl">
        <name>android.hardware.audio</name>
        <transport>hwbinder</transport>
        <impl level="generic"></impl>
        <version>2.0</version>
        <interface>
            <name>IDevicesFactory</name>
            <instance>default</instance>
        </interface>
    </hal>
    <hal format="hidl">
        <name>android.hardware.soundtrigger</name>
        <transport>hwbinder</transport>
        <impl level="generic"></impl>
        <version>2.0</version>
        <interface>
            <name>ISoundTriggerHw</name>
            <instance>default</instance>
        </interface>
    </hal>
    <hal format="hidl">
        <name>android.hardware.broadcastradio</name>
        <transport>hwbinder</transport>
        <impl level="generic"></impl>
        <version>1.0</version>
        <interface>
            <name>IBroadcastRadioFactory</name>
            <instance>default</instance>
        </interface>
    </hal>
    <hal format="hidl">
        <name>android.hardware.light</name>
        <transport>hwbinder</transport>
        <impl level="generic"></impl>
        <version>2.0</version>
        <interface>
            <name>ILight</name>
            <instance>default</instance>
        </interface>
    </hal>
    <hal format="hidl">
        <name>android.hardware.vibrator</name>
        <transport>hwbinder</transport>
        <impl level="generic"></impl>
        <version>1.0</version>
        <interface>
            <name>IVibrator</name>
            <instance>default</instance>
        </interface>
    </hal>
    <hal format="hidl">
        <name>android.hardware.sensors</name>
        <transport>hwbinder</transport>
        <impl level="generic"></impl>
        <version>1.0</version>
        <interface>
            <name>ISensors</name>
            <instance>default</instance>
        </interface>
    </hal>
    <hal format="hidl">
        <name>android.hardware.bluetooth</name>
        <transport>hwbinder</transport>
        <impl level="generic"></impl>
        <version>1.0</version>
        <interface>
            <name>IBluetoothHci</name>
            <instance>default</instance>
        </interface>
    </hal>
    <hal format="hidl">
        <name>android.hardware.wifi</name>
        <transport>hwbinder</transport>
        <version>1.0</version>
        <interface>
            <name>IWifi</name>
            <instance>default</instance>
        </interface>
    </hal>
    <hal format="hidl">
        <name>android.hardware.wifi.supplicant</name>
        <transport>hwbinder</transport>
        <version>1.0</version>
        <interface>
            <name>ISupplicant</name>
            <instance>default</instance>
        </interface>
    </hal>
    <hal format="hidl">
        <name>vendor.mediatek.hardware.wifi.hostapd</name>
        <transport>hwbinder</transport>
        <impl level="generic"></impl>
        <version>1.0</version>
        <interface>
            <name>IHostapd</name>
            <instance>default</instance>
        </interface>
    </hal>
    <hal format="hidl">
        <name>android.hardware.camera.provider</name>
        <transport>hwbinder</transport>
        <version>2.4</version>
        <interface>
            <name>ICameraProvider</name>
            <instance>internal/0</instance>
        </interface>
    </hal>
    <hal format="hidl">
        <name>vendor.mediatek.hardware.camera.advcam</name>
        <transport>hwbinder</transport>
        <version>1.0</version>
        <interface>
            <name>IAdvCamControl</name>
            <instance>internal/0</instance>
        </interface>
    </hal>
    <hal format="hidl">
        <name>vendor.mediatek.hardware.camera.callbackclient</name>
        <transport>hwbinder</transport>
        <version>1.0</version>
        <interface>
            <name>IMtkCallbackClient</name>
            <instance>internal/0</instance>
        </interface>
        <interface>
            <name>IMtkBufferCallback</name>
            <instance>internal/0</instance>
        </interface>
    </hal>
    <hal format="hidl">
        <name>vendor.mediatek.hardware.camera.lomoeffect</name>
        <transport>hwbinder</transport>
        <version>1.0</version>
        <interface>
            <name>ILomoEffect</name>
            <instance>internal/0</instance>
        </interface>
    </hal>
    <hal format="hidl">
        <name>android.hardware.drm</name>
        <transport>hwbinder</transport>
        <impl level="generic"></impl>
        <version>1.0</version>
        <interface>
            <name>ICryptoFactory</name>
            <instance>default</instance>
            <instance>widevine</instance>
        </interface>
        <interface>
            <name>IDrmFactory</name>
            <instance>default</instance>
            <instance>widevine</instance>
        </interface>
    </hal>
    <hal format="hidl">
        <name>android.hardware.keymaster</name>
        <transport>hwbinder</transport>
        <impl level="generic"></impl>
        <version>3.0</version>
        <interface>
            <name>IKeymasterDevice</name>
            <instance>default</instance>
        </interface>
    </hal>
    <hal format="hidl">
        <name>android.hardware.gatekeeper</name>
        <transport>hwbinder</transport>
        <impl level="generic"></impl>
        <version>1.0</version>
        <interface>
            <name>IGatekeeper</name>
            <instance>default</instance>
        </interface>
    </hal>
    <hal format="hidl">
        <name>android.hardware.graphics.composer</name>
        <transport>hwbinder</transport>
        <impl level="generic"></impl>
        <version>2.1</version>
        <interface>
            <name>IComposer</name>
            <instance>default</instance>
        </interface>
    </hal>
    <hal format="hidl">
        <name>android.hardware.media.omx</name>
        <transport>hwbinder</transport>
        <impl level="generic"></impl>
        <version>1.0</version>
        <interface>
            <name>IOmx</name>
            <instance>default</instance>
        </interface>
        <interface>
            <name>IOmxStore</name>
            <instance>default</instance>
        </interface>
    </hal>
    <hal format="hidl">
        <name>android.hardware.configstore</name>
        <transport>hwbinder</transport>
        <impl level="generic"></impl>
        <version>1.0</version>
        <interface>
            <name>ISurfaceFlingerConfigs</name>
            <instance>default</instance>
        </interface>
    </hal>
    <hal format="hidl">
        <name>vendor.mediatek.hardware.pq</name>
        <transport>hwbinder</transport>
        <impl level="generic"></impl>
        <version>2.0</version>
        <interface>
            <name>IPictureQuality</name>
            <instance>default</instance>
        </interface>
    </hal>
    <hal format="hidl">
        <name>vendor.mediatek.hardware.wfo</name>
        <transport>hwbinder</transport>
        <impl level="generic"></impl>
        <version>1.0</version>
        <interface>
            <name>IWifiOffload</name>
            <instance>wfo_hidl_service</instance>
        </interface>
    </hal>
    <hal format="hidl">
        <name>vendor.mediatek.hardware.imsa</name>
        <transport>hwbinder</transport>
        <impl level="generic"></impl>
        <version>1.0</version>
        <interface>
            <name>IImsa</name>
            <instance>imsa</instance>
        </interface>
    </hal>
    <hal format="hidl">
        <name>vendor.mediatek.hardware.camera.ccap</name>
        <transport>hwbinder</transport>
        <version>1.0</version>
        <interface>
            <name>ICCAPControl</name>
            <instance>internal/0</instance>
        </interface>
    </hal>
    <hal format="hidl">
        <name>android.hardware.graphics.allocator</name>
        <transport>hwbinder</transport>
        <version>2.0</version>
        <interface>
            <name>IAllocator</name>
            <instance>default</instance>
        </interface>
    </hal>
    <hal format="hidl">
        <name>android.hardware.graphics.mapper</name>
        <transport arch="32+64">passthrough</transport>
        <version>2.0</version>
        <interface>
            <name>IMapper</name>
            <instance>default</instance>
        </interface>
    </hal>
    <hal format="hidl">
        <name>android.hardware.renderscript</name>
        <transport arch="32+64">passthrough</transport>
        <version>1.0</version>
        <interface>
            <name>IDevice</name>
            <instance>default</instance>
        </interface>
    </hal>
    <hal format="hidl">
        <name>android.hardware.memtrack</name>
        <transport>hwbinder</transport>
        <impl level="generic"></impl>
        <version>1.0</version>
        <interface>
            <name>IMemtrack</name>
            <instance>default</instance>
        </interface>
    </hal>
    <hal format="hidl">
        <name>android.hardware.power</name>
        <transport>hwbinder</transport>
        <impl level="generic"></impl>
        <version>1.0</version>
        <interface>
            <name>IPower</name>
            <instance>default</instance>
        </interface>
    </hal>
    <hal format="hidl">
        <name>vendor.mediatek.hardware.power</name>
        <transport>hwbinder</transport>
        <impl level="generic"></impl>
        <version>1.1</version>
        <interface>
            <name>IPower</name>
            <instance>default</instance>
        </interface>
    </hal>
    <hal format="hidl">
        <name>android.hardware.thermal</name>
        <transport>hwbinder</transport>
        <impl level="generic"></impl>
        <version>1.0</version>
        <interface>
            <name>IThermal</name>
            <instance>default</instance>
        </interface>
    </hal>
    <hal format="hidl">
        <name>vendor.mediatek.hardware.presence</name>
        <transport>hwbinder</transport>
        <impl level="generic"></impl>
        <version>1.0</version>
        <interface>
            <name>IPresence</name>
            <instance>presence_hal_service</instance>
        </interface>
    </hal>
    <hal format="hidl">
        <name>vendor.mediatek.hardware.videotelephony</name>
        <transport>hwbinder</transport>
        <impl level="generic"></impl>
        <version>1.0</version>
        <interface>
            <name>IVideoTelephony</name>
            <instance>default</instance>
        </interface>
    </hal>
    <hal format="hidl">
        <name>vendor.mediatek.hardware.nvram</name>
        <transport>hwbinder</transport>
        <impl level="generic"></impl>
        <version>1.0</version>
        <interface>
            <name>INvram</name>
            <instance>default</instance>
        </interface>
    </hal>
    <hal format="hidl">
        <name>vendor.mediatek.hardware.mtkcodecservice</name>
        <transport>hwbinder</transport>
        <impl level="generic"></impl>
        <version>1.1</version>
        <interface>
            <name>IMtkCodecService</name>
            <instance>default</instance>
        </interface>
    </hal>
    <hal format="hidl">
        <name>vendor.mediatek.hardware.keyinstall</name>
        <transport>hwbinder</transport>
        <impl level="generic"></impl>
        <version>1.0</version>
        <interface>
            <name>IKeyinstall</name>
            <instance>default</instance>
        </interface>
    </hal>
    <hal format="hidl">
        <name>vendor.mediatek.hardware.rcs</name>
        <transport>hwbinder</transport>
        <impl level="generic"></impl>
        <version>1.0</version>
        <interface>
            <name>IRcs</name>
            <instance>rcs_hal_service</instance>
        </interface>
    </hal>
    <hal format="hidl">
        <name>vendor.mediatek.hardware.mwis</name>
        <transport>hwbinder</transport>
        <impl level="generic"></impl>
        <version>1.0</version>
        <interface>
            <name>IMwis</name>
            <instance>hidl-mwis</instance>
        </interface>
    </hal>
    <hal format="hidl">
        <name>vendor.mediatek.hardware.keymaster_attestation</name>
        <transport>hwbinder</transport>
        <impl level="generic"></impl>
        <version>1.1</version>
        <interface>
            <name>IKeymasterDevice</name>
            <instance>default</instance>
        </interface>
    </hal>
    <hal format="hidl">
        <name>vendor.mediatek.hardware.dfps</name>
        <transport>hwbinder</transport>
        <impl level="generic"></impl>
        <version>1.0</version>
        <interface>
            <name>IFpsPolicyService</name>
            <instance>default</instance>
        </interface>
    </hal>
    <hal format="hidl">
        <name>android.hardware.miscdrv</name>
        <transport>hwbinder</transport>
        <impl level="generic"></impl>
        <version>1.0</version>
        <interface>
            <name>IMiscdrv</name>
            <instance>default</instance>
        </interface>
    </hal>
</manifest>
