<!-- SPRD audio params configuration file,include cp,mocor,pcm config -->
<audio device="sc8830-audio">
<!-- the profile -->
<modem num="1">
	<!-- <cp name="w" pipe="/dev/spipe_w6" vbchannel="1" /> -->
	<cp name="csfb" pipe="/dev/spipe_lte6" vbchannel="0" cpu_index="0"/>
</modem>

<cp_nbio_dump spipe="dev/spipe_lte14"/>

<fm_type type="digital" />

<voip modem="csfb" pipe="/dev/spipe_lte4" vbchannel="0" enable="1" />
<!-- <voip modem="w" pipe="/dev/spipe_w4" vbchannel="0" enable="1" /> -->

<interrupt_playback_support value="false"/>
<i2s_switch_fm ctl="SYS_IIS0" value="vbc_iis1"/>
<i2s_switch_btcall ctl="SYS_IIS0" value="tgdsp_iis0"/>
<i2s_switch_ap ctl="SYS_IIS0" value="ap_iis0"/>
<i2s_switch_pubcp ctl="SYS_IIS0" value="pubcp_iis0"/>
<i2s_switch_ext_codec_ap ctl="SYS_IIS1" value="ap_iis0"/>
<i2s_switch_ext_codec_cp ctl="SYS_IIS1" value="tgdsp_iis1"/>
<mic_default_channel value="1"/>
<smart_amp_mgr enable="0" dump="0" boost_device="0" boost_voltage="5000"/>


<ext_codec name="debussy">
    <!-- if the ext codec shared the i2s with bt sco -->
          <ap_i2s_shared shared="1"/>
 </ext_codec>

<audiomode num="4">
	<item name="Headset" index="0" />
	<item name="Headfree" index="1" />
	<item name="Handset" index="2" />
	<item name="Handsfree" index="3" />
</audiomode>

<debug enable="1">
<debuginfo sleepdeltatimegate="2000" />
<debuginfo pcmwritetimegate="200000" />
<debuginfo lastthiswritetimegate="200000" />
</debug>

<dumpmusic  num="16"  dump_switch = "0x0" dump_path="/data/local/media/" total_switch="ON">
	<dump_play  index="0" item_name ="music.dump0"  dump_file_name ="dump_music_before_express.pcm"  switch="0" />
	<dump_play  index="1" item_name ="music.dump1"  dump_file_name ="dump_music_before_vbc.pcm"  switch="0" />
	<dump_play  index="2" item_name ="music.dump2"  dump_file_name ="dump_mix_vaudio.pcm"  switch="0" />
	<dump_play  index="3" item_name ="music.dump3"  dump_file_name ="dump_voip_write.pcm"  switch="0" />
	<dump_play  index="4" item_name ="music.dump4"  dump_file_name ="dump_bt_sco_write.pcm"  switch="0" />

	<dump_record index="8" item_name ="record.dump0" dump_file_name ="dump_record_after_vbc.pcm" switch="0" />
	<dump_record index="9" item_name ="record.dump1" dump_file_name ="dump_record_after_express" switch="0" />
</dumpmusic>
</audio>


